base_term,term
Abell-Kendall method,Abell-Kendall method
Abell-Kendall method,Abell Kendall method
Abell-Kendall method,Abell and Kendall method
Abell-Kendall method,Abell's and Kendall's method
Abell-Kendall method,Abell and Kendall's method
Abell-Kendall method,Abell Kendall's method
Abell-Kendall method,Abell-Kendall's method
Abell-Kendall method,method of Abell and Kendall
Abell-Kendall method,method of Abell Kendall
Abell-Kendall method,method of Abell-Kendall
Adamkiewicz Test,Adamkiewicz Test
Adamkiewicz Test,Adamkiewicz's Test
Adamkiewicz Test,Test of Adamkiewicz
Adler Test,Adler Test
Adler Test,Adler's Test
Adler Test,Test of Adler
Allen Correction,Allen Correction
Allen Correction,Allen's Correction
Allen Correction,Correction of Allen
Allen Volumetric Method,Allen Volumetric Method
Allen Volumetric Method,Allen's Volumetric Method
Allen Volumetric Method,Volumetric Method of Allen
Almen-Bottger Test,Almen-Bottger Test
Almen-Bottger Test,Almen Bottger Test
Almen-Bottger Test,Almen and Bottger Test
Almen-Bottger Test,Almen's and Bottger's Test
Almen-Bottger Test,Almen and Bottger's Test
Almen-Bottger Test,Almen Bottger's Test
Almen-Bottger Test,Almen-Bottger's Test
Almen-Bottger Test,Test of Almen and Bottger
Almen-Bottger Test,Test of Almen Bottger
Almen-Bottger Test,Test of Almen-Bottger
Almen-Nylander Test,Almen-Nylander Test
Almen-Nylander Test,Almen Nylander Test
Almen-Nylander Test,Almen and Nylander Test
Almen-Nylander Test,Almen's and Nylander's Test
Almen-Nylander Test,Almen and Nylander's Test
Almen-Nylander Test,Almen Nylander's Test
Almen-Nylander Test,Almen-Nylander's Test
Almen-Nylander Test,Test of Almen and Nylander
Almen-Nylander Test,Test of Almen Nylander
Almen-Nylander Test,Test of Almen-Nylander
Almen Test,Almen Test
Almen Test,Almen's Test
Almen Test,Test of Almen
Ambard Laws,Ambard Laws
Ambard Laws,Ambard's Laws
Ambard Laws,Laws of Ambard
Apjohn Apparatus,Apjohn Apparatus
Apjohn Apparatus,Apjohn's Apparatus
Apjohn Apparatus,Apparatus of Apjohn
Apjohn Method,Apjohn Method
Apjohn Method,Apjohn's Method
Apjohn Method,Method of Apjohn
Archibald Method,Archibald Method
Archibald Method,Archibald's Method
Archibald Method,Method of Archibald
Archibald-Kern Procedure,Archibald-Kern Procedure
Archibald-Kern Procedure,Archibald Kern Procedure
Archibald-Kern Procedure,Archibald and Kern Procedure
Archibald-Kern Procedure,Archibald's and Kern's Procedure
Archibald-Kern Procedure,Archibald and Kern's Procedure
Archibald-Kern Procedure,Archibald Kern's Procedure
Archibald-Kern Procedure,Archibald-Kern's Procedure
Archibald-Kern Procedure,Procedure of Archibald and Kern
Archibald-Kern Procedure,Procedure of Archibald Kern
Archibald-Kern Procedure,Procedure of Archibald-Kern
Arnold-Lipliawski Test,Arnold-Lipliawski Test
Arnold-Lipliawski Test,Arnold Lipliawski Test
Arnold-Lipliawski Test,Arnold and Lipliawski Test
Arnold-Lipliawski Test,Arnold's and Lipliawski's Test
Arnold-Lipliawski Test,Arnold and Lipliawski's Test
Arnold-Lipliawski Test,Arnold Lipliawski's Test
Arnold-Lipliawski Test,Arnold-Lipliawski's Test
Arnold-Lipliawski Test,Test of Arnold and Lipliawski
Arnold-Lipliawski Test,Test of Arnold Lipliawski
Arnold-Lipliawski Test,Test of Arnold-Lipliawski
Arnold Test,Arnold Test
Arnold Test,Arnold's Test
Arnold Test,Test of Arnold
Aschheim-Zondek Test,Aschheim-Zondek Test
Aschheim-Zondek Test,Aschheim Zondek Test
Aschheim-Zondek Test,Aschheim and Zondek Test
Aschheim-Zondek Test,Aschheim's and Zondek's Test
Aschheim-Zondek Test,Aschheim and Zondek's Test
Aschheim-Zondek Test,Aschheim Zondek's Test
Aschheim-Zondek Test,Aschheim-Zondek's Test
Aschheim-Zondek Test,Test of Aschheim and Zondek
Aschheim-Zondek Test,Test of Aschheim Zondek
Aschheim-Zondek Test,Test of Aschheim-Zondek
Astrup Method,Astrup Method
Astrup Method,Astrup's Method
Astrup Method,Method of Astrup
Babon Method,Babon Method
Babon Method,Babon's Method
Babon Method,Method of Babon
Baird Flame Photometer,Baird Flame Photometer
Baird Flame Photometer,Baird's Flame Photometer
Baird Flame Photometer,Flame Photometer of Baird
Baldwin Method,Baldwin Method
Baldwin Method,Baldwin's Method
Baldwin Method,Method of Baldwin
Bang Method,Bang Method
Bang Method,Bang's Method
Bang Method,Method of Bang
Barfoed Test,Barfoed Test
Barfoed Test,Barfoed's Test
Barfoed Test,Test of Barfoed
Barreswill test,Barreswill test
Barreswill test,Barreswill's test
Barreswill test,test of Barreswill
Bartley Method,Bartley Method
Bartley Method,Bartley's Method
Bartley Method,Method of Bartley
Bayer-Drewsen Indigo Test,Bayer-Drewsen Indigo Test
Bayer-Drewsen Indigo Test,Bayer Drewsen Indigo Test
Bayer-Drewsen Indigo Test,Bayer and Drewsen Indigo Test
Bayer-Drewsen Indigo Test,Bayer's and Drewsen's Indigo Test
Bayer-Drewsen Indigo Test,Bayer and Drewsen's Indigo Test
Bayer-Drewsen Indigo Test,Bayer Drewsen's Indigo Test
Bayer-Drewsen Indigo Test,Bayer-Drewsen's Indigo Test
Bayer-Drewsen Indigo Test,Indigo Test of Bayer and Drewsen
Bayer-Drewsen Indigo Test,Indigo Test of Bayer Drewsen
Bayer-Drewsen Indigo Test,Indigo Test of Bayer-Drewsen
Beckman Cryoscope,Beckman Cryoscope
Beckman Cryoscope,Beckman's Cryoscope
Beckman Cryoscope,Cryoscope of Beckman
Benedict Test,Benedict Test
Benedict Test,Benedict's Test
Benedict Test,Test of Benedict
Berry test,Berry test
Berry test,Berry's test
Berry test,test of Berry
Berthelot Reaction,Berthelot Reaction
Berthelot Reaction,Berthelot's Reaction
Berthelot Reaction,Reaction of Berthelot
Beutler Test,Beutler Test
Beutler Test,Beutler's Test
Beutler Test,Test of Beutler
Bird Tables,Bird Tables
Bird Tables,Bird's Tables
Bird Tables,Tables of Bird
Black Method,Black Method
Black Method,Black's Method
Black Method,Method of Black
Boas Test,Boas Test
Boas Test,Boas' Test
Boas Test,Boas's Test
Boas Test,Test of Boas
Bodansky Method,Bodansky Method
Bodansky Method,Bodansky's Method
Bodansky Method,Method of Bodansky
Bolton-Hunter Technique,Bolton-Hunter Technique
Bolton-Hunter Technique,Bolton Hunter Technique
Bolton-Hunter Technique,Bolton and Hunter Technique
Bolton-Hunter Technique,Bolton's and Hunter's Technique
Bolton-Hunter Technique,Bolton and Hunter's Technique
Bolton-Hunter Technique,Bolton Hunter's Technique
Bolton-Hunter Technique,Bolton-Hunter's Technique
Bolton-Hunter Technique,Technique of Bolton and Hunter
Bolton-Hunter Technique,Technique of Bolton Hunter
Bolton-Hunter Technique,Technique of Bolton-Hunter
Boston Method,Boston Method
Boston Method,Boston's Method
Boston Method,Method of Boston
Bottger Test,Bottger Test
Bottger Test,Bottger's Test
Bottger Test,Test of Bottger
Bowers-McComb Method,Bowers-McComb Method
Bowers-McComb Method,Bowers McComb Method
Bowers-McComb Method,Bowers and McComb Method
Bowers-McComb Method,Bowers' and McComb's Method
Bowers-McComb Method,Bowers's and McComb's Method
Bowers-McComb Method,Bowers and McComb's Method
Bowers-McComb Method,Bowers McComb's Method
Bowers-McComb Method,Bowers-McComb's Method
Bowers-McComb Method,Method of Bowers and McComb
Bowers-McComb Method,Method of Bowers McComb
Bowers-McComb Method,Method of Bowers-McComb
Bratton-Marshall Method,Bratton-Marshall Method
Bratton-Marshall Method,Bratton Marshall Method
Bratton-Marshall Method,Bratton and Marshall Method
Bratton-Marshall Method,Bratton's and Marshall's Method
Bratton-Marshall Method,Bratton and Marshall's Method
Bratton-Marshall Method,Bratton Marshall's Method
Bratton-Marshall Method,Bratton-Marshall's Method
Bratton-Marshall Method,Method of Bratton and Marshall
Bratton-Marshall Method,Method of Bratton Marshall
Bratton-Marshall Method,Method of Bratton-Marshall
Braun Test,Braun Test
Braun Test,Braun's Test
Braun Test,Test of Braun
Brdicka Reaction,Brdicka Reaction
Brdicka Reaction,Brdicka's Reaction
Brdicka Reaction,Reaction of Brdicka
Bremmers Diabetic Urine Test,Bremmers Diabetic Urine Test
Bremmers Diabetic Urine Test,Bremmers' Diabetic Urine Test
Bremmers Diabetic Urine Test,Bremmers's Diabetic Urine Test
Bremmers Diabetic Urine Test,Diabetic Urine Test of Bremmers
Bucolo-David Method,Bucolo-David Method
Bucolo-David Method,Bucolo David Method
Bucolo-David Method,Bucolo and David Method
Bucolo-David Method,Bucolo's and David's Method
Bucolo-David Method,Bucolo and David's Method
Bucolo-David Method,Bucolo David's Method
Bucolo-David Method,Bucolo-David's Method
Bucolo-David Method,Method of Bucolo and David
Bucolo-David Method,Method of Bucolo David
Bucolo-David Method,Method of Bucolo-David
Bunsen Method,Bunsen Method
Bunsen Method,Bunsen's Method
Bunsen Method,Method of Bunsen
Camerer Method,Camerer Method
Camerer Method,Camerer's Method
Camerer Method,Method of Camerer
Carraway Method,Carraway Method
Carraway Method,Carraway's Method
Carraway Method,Method of Carraway
Carr-Price Method,Carr-Price Method
Carr-Price Method,Carr Price Method
Carr-Price Method,Carr and Price Method
Carr-Price Method,Carr's and Price's Method
Carr-Price Method,Carr and Price's Method
Carr-Price Method,Carr Price's Method
Carr-Price Method,Carr-Price's Method
Carr-Price Method,Method of Carr and Price
Carr-Price Method,Method of Carr Price
Carr-Price Method,Method of Carr-Price
Charteris Ureameter,Charteris Ureameter
Charteris Ureameter,Charteris' Ureameter
Charteris Ureameter,Charteris's Ureameter
Charteris Ureameter,Ureameter of Charteris
Chautard Test,Chautard Test
Chautard Test,Chautard's Test
Chautard Test,Test of Chautard
Chiou Method,Chiou Method
Chiou Method,Chiou's Method
Chiou Method,Method of Chiou
Cockcroft-Gault Equation,Cockcroft-Gault Equation
Cockcroft-Gault Equation,Cockcroft Gault Equation
Cockcroft-Gault Equation,Cockcroft and Gault Equation
Cockcroft-Gault Equation,Cockcroft's and Gault's Equation
Cockcroft-Gault Equation,Cockcroft and Gault's Equation
Cockcroft-Gault Equation,Cockcroft Gault's Equation
Cockcroft-Gault Equation,Cockcroft-Gault's Equation
Cockcroft-Gault Equation,Equation of Cockcroft and Gault
Cockcroft-Gault Equation,Equation of Cockcroft Gault
Cockcroft-Gault Equation,Equation of Cockcroft-Gault
Cole Method,Cole Method
Cole Method,Cole's Method
Cole Method,Method of Cole
Cotlove Chloridometer,Cotlove Chloridometer
Cotlove Chloridometer,Cotlove's Chloridometer
Cotlove Chloridometer,Chloridometer of Cotlove
Dare Hemo-alkalimeter,Dare Hemo-alkalimeter
Dare Hemo-alkalimeter,Dare's Hemo-alkalimeter
Dare Hemo-alkalimeter,Hemo-alkalimeter of Dare
Dengies Method,Dengies Method
Dengies Method,Dengies' Method
Dengies Method,Dengies's Method
Dengies Method,Method of Dengies
Deniges Test,Deniges Test
Deniges Test,Deniges' Test
Deniges Test,Deniges's Test
Deniges Test,Test of Deniges
Donne Test,Donne Test
Donne Test,Donne's Test
Donne Test,Test of Donne
Donogany method,Donogany method
Donogany method,Donogany's method
Donogany method,method of Donogany
Doremus Ureometer,Doremus Ureometer
Doremus Ureometer,Doremus' Ureometer
Doremus Ureometer,Doremus's Ureometer
Doremus Ureometer,Ureometer of Doremus
Doremus-Hinds Ureometer,Doremus-Hinds Ureometer
Doremus-Hinds Ureometer,Doremus Hinds Ureometer
Doremus-Hinds Ureometer,Doremus and Hinds Ureometer
Doremus-Hinds Ureometer,Doremus' and Hinds' Ureometer
Doremus-Hinds Ureometer,Doremus' and Hinds's Ureometer
Doremus-Hinds Ureometer,Doremus's and Hinds' Ureometer
Doremus-Hinds Ureometer,Doremus's and Hinds's Ureometer
Doremus-Hinds Ureometer,Doremus and Hinds' Ureometer
Doremus-Hinds Ureometer,Doremus Hinds' Ureometer
Doremus-Hinds Ureometer,Doremus-Hinds' Ureometer
Doremus-Hinds Ureometer,Doremus and Hinds's Ureometer
Doremus-Hinds Ureometer,Doremus Hinds's Ureometer
Doremus-Hinds Ureometer,Doremus-Hinds's Ureometer
Doremus-Hinds Ureometer,Ureometer of Doremus and Hinds
Doremus-Hinds Ureometer,Ureometer of Doremus Hinds
Doremus-Hinds Ureometer,Ureometer of Doremus-Hinds
Duboscq-type Visual Colorimeter,Duboscq-type Visual Colorimeter
Duboscq-type Visual Colorimeter,Duboscq type Visual Colorimeter
Duboscq-type Visual Colorimeter,Duboscq and type Visual Colorimeter
Duboscq-type Visual Colorimeter,Duboscq's and type's Visual Colorimeter
Duboscq-type Visual Colorimeter,Duboscq and type's Visual Colorimeter
Duboscq-type Visual Colorimeter,Duboscq type's Visual Colorimeter
Duboscq-type Visual Colorimeter,Duboscq-type's Visual Colorimeter
Duboscq-type Visual Colorimeter,Visual Colorimeter of Duboscq and type
Duboscq-type Visual Colorimeter,Visual Colorimeter of Duboscq type
Duboscq-type Visual Colorimeter,Visual Colorimeter of Duboscq-type
Ducci-Watson Modification,Ducci-Watson Modification
Ducci-Watson Modification,Ducci Watson Modification
Ducci-Watson Modification,Ducci and Watson Modification
Ducci-Watson Modification,Ducci's and Watson's Modification
Ducci-Watson Modification,Ducci and Watson's Modification
Ducci-Watson Modification,Ducci Watson's Modification
Ducci-Watson Modification,Ducci-Watson's Modification
Ducci-Watson Modification,Modification of Ducci and Watson
Ducci-Watson Modification,Modification of Ducci Watson
Ducci-Watson Modification,Modification of Ducci-Watson
Dumas Method,Dumas Method
Dumas Method,Dumas' Method
Dumas Method,Dumas's Method
Dumas Method,Method of Dumas
Ehrlich Reaction,Ehrlich Reaction
Ehrlich Reaction,Ehrlich's Reaction
Ehrlich Reaction,Reaction of Ehrlich
Einhorn Fermentation Tube,Einhorn Fermentation Tube
Einhorn Fermentation Tube,Einhorn's Fermentation Tube
Einhorn Fermentation Tube,Fermentation Tube of Einhorn
Ellman Procedure,Ellman Procedure
Ellman Procedure,Ellman's Procedure
Ellman Procedure,Procedure of Ellman
Emmerie-Engel Procedure,Emmerie-Engel Procedure
Emmerie-Engel Procedure,Emmerie Engel Procedure
Emmerie-Engel Procedure,Emmerie and Engel Procedure
Emmerie-Engel Procedure,Emmerie's and Engel's Procedure
Emmerie-Engel Procedure,Emmerie and Engel's Procedure
Emmerie-Engel Procedure,Emmerie Engel's Procedure
Emmerie-Engel Procedure,Emmerie-Engel's Procedure
Emmerie-Engel Procedure,Procedure of Emmerie and Engel
Emmerie-Engel Procedure,Procedure of Emmerie Engel
Emmerie-Engel Procedure,Procedure of Emmerie-Engel
Epstein Method,Epstein Method
Epstein Method,Epstein's Method
Epstein Method,Method of Epstein
Esbach Reagent,Esbach Reagent
Esbach Reagent,Esbach's Reagent
Esbach Reagent,Reagent of Esbach
Esbach Albuminometer,Esbach Albuminometer
Esbach Albuminometer,Esbach's Albuminometer
Esbach Albuminometer,Albuminometer of Esbach
Exton Reagent,Exton Reagent
Exton Reagent,Exton's Reagent
Exton Reagent,Reagent of Exton
Farr Technique,Farr Technique
Farr Technique,Farr's Technique
Farr Technique,Technique of Farr
Fearon Reaction,Fearon Reaction
Fearon Reaction,Fearon's Reaction
Fearon Reaction,Reaction of Fearon
Fehling Test,Fehling Test
Fehling Test,Fehling's Test
Fehling Test,Test of Fehling
Fernandez-Loeb Plot,Fernandez-Loeb Plot
Fernandez-Loeb Plot,Fernandez Loeb Plot
Fernandez-Loeb Plot,Fernandez and Loeb Plot
Fernandez-Loeb Plot,Fernandez's and Loeb's Plot
Fernandez-Loeb Plot,Fernandez and Loeb's Plot
Fernandez-Loeb Plot,Fernandez Loeb's Plot
Fernandez-Loeb Plot,Fernandez-Loeb's Plot
Fernandez-Loeb Plot,Plot of Fernandez and Loeb
Fernandez-Loeb Plot,Plot of Fernandez Loeb
Fernandez-Loeb Plot,Plot of Fernandez-Loeb
Feser Lactoscope,Feser Lactoscope
Feser Lactoscope,Feser's Lactoscope
Feser Lactoscope,Lactoscope of Feser
Flegg method,Flegg method
Flegg method,Flegg's method
Flegg method,method of Flegg
Fleishl test,Fleishl test
Fleishl test,Fleishl's test
Fleishl test,test of Fleishl
Fleitmann Test,Fleitmann Test
Fleitmann Test,Fleitmann's Test
Fleitmann Test,Test of Fleitmann
Fokker-Salkowski Method,Fokker-Salkowski Method
Fokker-Salkowski Method,Fokker Salkowski Method
Fokker-Salkowski Method,Fokker and Salkowski Method
Fokker-Salkowski Method,Fokker's and Salkowski's Method
Fokker-Salkowski Method,Fokker and Salkowski's Method
Fokker-Salkowski Method,Fokker Salkowski's Method
Fokker-Salkowski Method,Fokker-Salkowski's Method
Fokker-Salkowski Method,Method of Fokker and Salkowski
Fokker-Salkowski Method,Method of Fokker Salkowski
Fokker-Salkowski Method,Method of Fokker-Salkowski
Folin-Ciocalteu Method,Folin-Ciocalteu Method
Folin-Ciocalteu Method,Folin Ciocalteu Method
Folin-Ciocalteu Method,Folin and Ciocalteu Method
Folin-Ciocalteu Method,Folin's and Ciocalteu's Method
Folin-Ciocalteu Method,Folin and Ciocalteu's Method
Folin-Ciocalteu Method,Folin Ciocalteu's Method
Folin-Ciocalteu Method,Folin-Ciocalteu's Method
Folin-Ciocalteu Method,Method of Folin and Ciocalteu
Folin-Ciocalteu Method,Method of Folin Ciocalteu
Folin-Ciocalteu Method,Method of Folin-Ciocalteu
Folin-Denis Reagent,Folin-Denis Reagent
Folin-Denis Reagent,Folin Denis Reagent
Folin-Denis Reagent,Folin and Denis Reagent
Folin-Denis Reagent,Folin's and Denis' Reagent
Folin-Denis Reagent,Folin's and Denis's Reagent
Folin-Denis Reagent,Folin and Denis' Reagent
Folin-Denis Reagent,Folin Denis' Reagent
Folin-Denis Reagent,Folin-Denis' Reagent
Folin-Denis Reagent,Folin and Denis's Reagent
Folin-Denis Reagent,Folin Denis's Reagent
Folin-Denis Reagent,Folin-Denis's Reagent
Folin-Denis Reagent,Reagent of Folin and Denis
Folin-Denis Reagent,Reagent of Folin Denis
Folin-Denis Reagent,Reagent of Folin-Denis
Folin Reagent,Folin Reagent
Folin Reagent,Folin's Reagent
Folin Reagent,Reagent of Folin
Folin Method,Folin Method
Folin Method,Folin's Method
Folin Method,Method of Folin
Folin Phenol Reagent,Folin Phenol Reagent
Folin Phenol Reagent,Folin's Phenol Reagent
Folin Phenol Reagent,Phenol Reagent of Folin
Folin-Wu Method,Folin-Wu Method
Folin-Wu Method,Folin Wu Method
Folin-Wu Method,Folin and Wu Method
Folin-Wu Method,Folin's and Wu's Method
Folin-Wu Method,Folin and Wu's Method
Folin-Wu Method,Folin Wu's Method
Folin-Wu Method,Folin-Wu's Method
Folin-Wu Method,Method of Folin and Wu
Folin-Wu Method,Method of Folin Wu
Folin-Wu Method,Method of Folin-Wu
Fouchet Test,Fouchet Test
Fouchet Test,Fouchet's Test
Fouchet Test,Test of Fouchet
Fowler Method,Fowler Method
Fowler Method,Fowler's Method
Fowler Method,Method of Fowler
Fredrickson-Levy Classification,Fredrickson-Levy Classification
Fredrickson-Levy Classification,Fredrickson Levy Classification
Fredrickson-Levy Classification,Fredrickson and Levy Classification
Fredrickson-Levy Classification,Fredrickson's and Levy's Classification
Fredrickson-Levy Classification,Fredrickson and Levy's Classification
Fredrickson-Levy Classification,Fredrickson Levy's Classification
Fredrickson-Levy Classification,Fredrickson-Levy's Classification
Fredrickson-Levy Classification,Classification of Fredrickson and Levy
Fredrickson-Levy Classification,Classification of Fredrickson Levy
Fredrickson-Levy Classification,Classification of Fredrickson-Levy
Fresenius-Babo Method,Fresenius-Babo Method
Fresenius-Babo Method,Fresenius Babo Method
Fresenius-Babo Method,Fresenius and Babo Method
Fresenius-Babo Method,Fresenius' and Babo's Method
Fresenius-Babo Method,Fresenius's and Babo's Method
Fresenius-Babo Method,Fresenius and Babo's Method
Fresenius-Babo Method,Fresenius Babo's Method
Fresenius-Babo Method,Fresenius-Babo's Method
Fresenius-Babo Method,Method of Fresenius and Babo
Fresenius-Babo Method,Method of Fresenius Babo
Fresenius-Babo Method,Method of Fresenius-Babo
Freund Method,Freund Method
Freund Method,Freund's Method
Freund Method,Method of Freund
Friedewald Formula,Friedewald Formula
Friedewald Formula,Friedewald's Formula
Friedewald Formula,Formula of Friedewald
Friedman Test,Friedman Test
Friedman Test,Friedman's Test
Friedman Test,Test of Friedman
Friedwald Formula,Friedwald Formula
Friedwald Formula,Friedwald's Formula
Friedwald Formula,Formula of Friedwald
Frommer Test,Frommer Test
Frommer Test,Frommer's Test
Frommer Test,Test of Frommer
Garrod method,Garrod method
Garrod method,Garrod's method
Garrod method,method of Garrod
Gerhardt Test,Gerhardt Test
Gerhardt Test,Gerhardt's Test
Gerhardt Test,Test of Gerhardt
Gerrard Ureometer,Gerrard Ureometer
Gerrard Ureometer,Gerrard's Ureometer
Gerrard Ureometer,Ureometer of Gerrard
Gibson-Cooke Method,Gibson-Cooke Method
Gibson-Cooke Method,Gibson Cooke Method
Gibson-Cooke Method,Gibson and Cooke Method
Gibson-Cooke Method,Gibson's and Cooke's Method
Gibson-Cooke Method,Gibson and Cooke's Method
Gibson-Cooke Method,Gibson Cooke's Method
Gibson-Cooke Method,Gibson-Cooke's Method
Gibson-Cooke Method,Method of Gibson and Cooke
Gibson-Cooke Method,Method of Gibson Cooke
Gibson-Cooke Method,Method of Gibson-Cooke
Gluck method,Gluck method
Gluck method,Gluck's method
Gluck method,method of Gluck
Glynn-Kendal Method,Glynn-Kendal Method
Glynn-Kendal Method,Glynn Kendal Method
Glynn-Kendal Method,Glynn and Kendal Method
Glynn-Kendal Method,Glynn's and Kendal's Method
Glynn-Kendal Method,Glynn and Kendal's Method
Glynn-Kendal Method,Glynn Kendal's Method
Glynn-Kendal Method,Glynn-Kendal's Method
Glynn-Kendal Method,Method of Glynn and Kendal
Glynn-Kendal Method,Method of Glynn Kendal
Glynn-Kendal Method,Method of Glynn-Kendal
Gmelin Test,Gmelin Test
Gmelin Test,Gmelin's Test
Gmelin Test,Test of Gmelin
Goldenberg Procedure,Goldenberg Procedure
Goldenberg Procedure,Goldenberg's Procedure
Goldenberg Procedure,Procedure of Goldenberg
Gunning Test,Gunning Test
Gunning Test,Gunning's Test
Gunning Test,Test of Gunning
Gunzburg Test,Gunzburg Test
Gunzburg Test,Gunzburg's Test
Gunzburg Test,Test of Gunzburg
Guthrie Test,Guthrie Test
Guthrie Test,Guthrie's Test
Guthrie Test,Test of Guthrie
Haeckel Enzymic Technique,Haeckel Enzymic Technique
Haeckel Enzymic Technique,Haeckel's Enzymic Technique
Haeckel Enzymic Technique,Enzymic Technique of Haeckel
Haeser Coefficient,Haeser Coefficient
Haeser Coefficient,Haeser's Coefficient
Haeser Coefficient,Coefficient of Haeser
Hagedorn-Jensen Method,Hagedorn-Jensen Method
Hagedorn-Jensen Method,Hagedorn Jensen Method
Hagedorn-Jensen Method,Hagedorn and Jensen Method
Hagedorn-Jensen Method,Hagedorn's and Jensen's Method
Hagedorn-Jensen Method,Hagedorn and Jensen's Method
Hagedorn-Jensen Method,Hagedorn Jensen's Method
Hagedorn-Jensen Method,Hagedorn-Jensen's Method
Hagedorn-Jensen Method,Method of Hagedorn and Jensen
Hagedorn-Jensen Method,Method of Hagedorn Jensen
Hagedorn-Jensen Method,Method of Hagedorn-Jensen
Haines Test,Haines Test
Haines Test,Haines' Test
Haines Test,Haines's Test
Haines Test,Test of Haines
Haldane Method,Haldane Method
Haldane Method,Haldane's Method
Haldane Method,Method of Haldane
Hall Purinometer,Hall Purinometer
Hall Purinometer,Hall's Purinometer
Hall Purinometer,Purinometer of Hall
Hammarsten Test,Hammarsten Test
Hammarsten Test,Hammarsten's Test
Hammarsten Test,Test of Hammarsten
Hammerschlag Method,Hammerschlag Method
Hammerschlag Method,Hammerschlag's Method
Hammerschlag Method,Method of Hammerschlag
Hammersten-Salkowski Test,Hammersten-Salkowski Test
Hammersten-Salkowski Test,Hammersten Salkowski Test
Hammersten-Salkowski Test,Hammersten and Salkowski Test
Hammersten-Salkowski Test,Hammersten's and Salkowski's Test
Hammersten-Salkowski Test,Hammersten and Salkowski's Test
Hammersten-Salkowski Test,Hammersten Salkowski's Test
Hammersten-Salkowski Test,Hammersten-Salkowski's Test
Hammersten-Salkowski Test,Test of Hammersten and Salkowski
Hammersten-Salkowski Test,Test of Hammersten Salkowski
Hammersten-Salkowski Test,Test of Hammersten-Salkowski
Hanger test,Hanger test
Hanger test,Hanger's test
Hanger test,test of Hanger
Harrison Spot Test,Harrison Spot Test
Harrison Spot Test,Harrison's Spot Test
Harrison Spot Test,Spot Test of Harrison
Hart Test,Hart Test
Hart Test,Hart's Test
Hart Test,Test of Hart
Hawk Method,Hawk Method
Hawk Method,Hawk's Method
Hawk Method,Method of Hawk
Haycraft method,Haycraft method
Haycraft method,Haycraft's method
Haycraft method,method of Haycraft
Hay Sulfur Test,Hay Sulfur Test
Hay Sulfur Test,Hay's Sulfur Test
Hay Sulfur Test,Sulfur Test of Hay
Heeren Pioscope,Heeren Pioscope
Heeren Pioscope,Heeren's Pioscope
Heeren Pioscope,Pioscope of Heeren
Heintz method,Heintz method
Heintz method,Heintz's method
Heintz method,method of Heintz
Heller Test,Heller Test
Heller Test,Heller's Test
Heller Test,Test of Heller
Heller Table,Heller Table
Heller Table,Heller's Table
Heller Table,Table of Heller
Heller Nitric Acid Ring Test,Heller Nitric Acid Ring Test
Heller Nitric Acid Ring Test,Heller's Nitric Acid Ring Test
Heller Nitric Acid Ring Test,Nitric Acid Ring Test of Heller
Henderson-Palmer Method,Henderson-Palmer Method
Henderson-Palmer Method,Henderson Palmer Method
Henderson-Palmer Method,Henderson and Palmer Method
Henderson-Palmer Method,Henderson's and Palmer's Method
Henderson-Palmer Method,Henderson and Palmer's Method
Henderson-Palmer Method,Henderson Palmer's Method
Henderson-Palmer Method,Henderson-Palmer's Method
Henderson-Palmer Method,Method of Henderson and Palmer
Henderson-Palmer Method,Method of Henderson Palmer
Henderson-Palmer Method,Method of Henderson-Palmer
Hinds Modification of Doremus' Ureometer,Hinds Modification of Doremus' Ureometer
Hinds Modification of Doremus' Ureometer,Hinds' Modification of Doremus' Ureometer
Hinds Modification of Doremus' Ureometer,Hinds's Modification of Doremus' Ureometer
Hinds Modification of Doremus' Ureometer,Modification of Doremus' Ureometer of Hinds
Hoesch Test,Hoesch Test
Hoesch Test,Hoesch's Test
Hoesch Test,Test of Hoesch
Hoffmann Test,Hoffmann Test
Hoffmann Test,Hoffmann's Test
Hoffmann Test,Test of Hoffmann
Hofmeister Method,Hofmeister Method
Hofmeister Method,Hofmeister's Method
Hofmeister Method,Method of Hofmeister
Hofmeister Test,Hofmeister Test
Hofmeister Test,Hofmeister's Test
Hofmeister Test,Test of Hofmeister
Hohnel-Glaser Method,Hohnel-Glaser Method
Hohnel-Glaser Method,Hohnel Glaser Method
Hohnel-Glaser Method,Hohnel and Glaser Method
Hohnel-Glaser Method,Hohnel's and Glaser's Method
Hohnel-Glaser Method,Hohnel and Glaser's Method
Hohnel-Glaser Method,Hohnel Glaser's Method
Hohnel-Glaser Method,Hohnel-Glaser's Method
Hohnel-Glaser Method,Method of Hohnel and Glaser
Hohnel-Glaser Method,Method of Hohnel Glaser
Hohnel-Glaser Method,Method of Hohnel-Glaser
Hopkins Method,Hopkins Method
Hopkins Method,Hopkins' Method
Hopkins Method,Hopkins's Method
Hopkins Method,Method of Hopkins
Huppert-Messinger Method,Huppert-Messinger Method
Huppert-Messinger Method,Huppert Messinger Method
Huppert-Messinger Method,Huppert and Messinger Method
Huppert-Messinger Method,Huppert's and Messinger's Method
Huppert-Messinger Method,Huppert and Messinger's Method
Huppert-Messinger Method,Huppert Messinger's Method
Huppert-Messinger Method,Huppert-Messinger's Method
Huppert-Messinger Method,Method of Huppert and Messinger
Huppert-Messinger Method,Method of Huppert Messinger
Huppert-Messinger Method,Method of Huppert-Messinger
Huppert Test,Huppert Test
Huppert Test,Huppert's Test
Huppert Test,Test of Huppert
Jacobi Method,Jacobi Method
Jacobi Method,Jacobi's Method
Jacobi Method,Method of Jacobi
Jaffe Reaction,Jaffe Reaction
Jaffe Reaction,Jaffe's Reaction
Jaffe Reaction,Reaction of Jaffe
Jaffe-Schlesinger Test,Jaffe-Schlesinger Test
Jaffe-Schlesinger Test,Jaffe Schlesinger Test
Jaffe-Schlesinger Test,Jaffe and Schlesinger Test
Jaffe-Schlesinger Test,Jaffe's and Schlesinger's Test
Jaffe-Schlesinger Test,Jaffe and Schlesinger's Test
Jaffe-Schlesinger Test,Jaffe Schlesinger's Test
Jaffe-Schlesinger Test,Jaffe-Schlesinger's Test
Jaffe-Schlesinger Test,Test of Jaffe and Schlesinger
Jaffe-Schlesinger Test,Test of Jaffe Schlesinger
Jaffe-Schlesinger Test,Test of Jaffe-Schlesinger
Jaffe-Zierdt Test,Jaffe-Zierdt Test
Jaffe-Zierdt Test,Jaffe Zierdt Test
Jaffe-Zierdt Test,Jaffe and Zierdt Test
Jaffe-Zierdt Test,Jaffe's and Zierdt's Test
Jaffe-Zierdt Test,Jaffe and Zierdt's Test
Jaffe-Zierdt Test,Jaffe Zierdt's Test
Jaffe-Zierdt Test,Jaffe-Zierdt's Test
Jaffe-Zierdt Test,Test of Jaffe and Zierdt
Jaffe-Zierdt Test,Test of Jaffe Zierdt
Jaffe-Zierdt Test,Test of Jaffe-Zierdt
Jendrassik-Grof Method,Jendrassik-Grof Method
Jendrassik-Grof Method,Jendrassik Grof Method
Jendrassik-Grof Method,Jendrassik and Grof Method
Jendrassik-Grof Method,Jendrassik's and Grof's Method
Jendrassik-Grof Method,Jendrassik and Grof's Method
Jendrassik-Grof Method,Jendrassik Grof's Method
Jendrassik-Grof Method,Jendrassik-Grof's Method
Jendrassik-Grof Method,Method of Jendrassik and Grof
Jendrassik-Grof Method,Method of Jendrassik Grof
Jendrassik-Grof Method,Method of Jendrassik-Grof
Johnson Picro-saccharometer,Johnson Picro-saccharometer
Johnson Picro-saccharometer,Johnson's Picro-saccharometer
Johnson Picro-saccharometer,Picro-saccharometer of Johnson
Jolles Ferrometer,Jolles Ferrometer
Jolles Ferrometer,Jolles' Ferrometer
Jolles Ferrometer,Jolles's Ferrometer
Jolles Ferrometer,Ferrometer of Jolles
Karmen Method,Karmen Method
Karmen Method,Karmen's Method
Karmen Method,Method of Karmen
Karr Urea Method,Karr Urea Method
Karr Urea Method,Karr's Urea Method
Karr Urea Method,Urea Method of Karr
Kelling Test,Kelling Test
Kelling Test,Kelling's Test
Kelling Test,Test of Kelling
Kern-Stransky Procedure,Kern-Stransky Procedure
Kern-Stransky Procedure,Kern Stransky Procedure
Kern-Stransky Procedure,Kern and Stransky Procedure
Kern-Stransky Procedure,Kern's and Stransky's Procedure
Kern-Stransky Procedure,Kern and Stransky's Procedure
Kern-Stransky Procedure,Kern Stransky's Procedure
Kern-Stransky Procedure,Kern-Stransky's Procedure
Kern-Stransky Procedure,Procedure of Kern and Stransky
Kern-Stransky Procedure,Procedure of Kern Stransky
Kern-Stransky Procedure,Procedure of Kern-Stransky
Kiliani Reaction,Kiliani Reaction
Kiliani Reaction,Kiliani's Reaction
Kiliani Reaction,Reaction of Kiliani
King-Armstrong Method,King-Armstrong Method
King-Armstrong Method,King Armstrong Method
King-Armstrong Method,King and Armstrong Method
King-Armstrong Method,King's and Armstrong's Method
King-Armstrong Method,King and Armstrong's Method
King-Armstrong Method,King Armstrong's Method
King-Armstrong Method,King-Armstrong's Method
King-Armstrong Method,Method of King and Armstrong
King-Armstrong Method,Method of King Armstrong
King-Armstrong Method,Method of King-Armstrong
Kingsley Biuret Reagent,Kingsley Biuret Reagent
Kingsley Biuret Reagent,Kingsley's Biuret Reagent
Kingsley Biuret Reagent,Biuret Reagent of Kingsley
Kjedahl Method,Kjedahl Method
Kjedahl Method,Kjedahl's Method
Kjedahl Method,Method of Kjedahl
Kjeldahl Method,Kjeldahl Method
Kjeldahl Method,Kjeldahl's Method
Kjeldahl Method,Method of Kjeldahl
Klunge Test,Klunge Test
Klunge Test,Klunge's Test
Klunge Test,Test of Klunge
Knapp Method,Knapp Method
Knapp Method,Knapp's Method
Knapp Method,Method of Knapp
Knop-Hufner Method,Knop-Hufner Method
Knop-Hufner Method,Knop Hufner Method
Knop-Hufner Method,Knop and Hufner Method
Knop-Hufner Method,Knop's and Hufner's Method
Knop-Hufner Method,Knop and Hufner's Method
Knop-Hufner Method,Knop Hufner's Method
Knop-Hufner Method,Knop-Hufner's Method
Knop-Hufner Method,Method of Knop and Hufner
Knop-Hufner Method,Method of Knop Hufner
Knop-Hufner Method,Method of Knop-Hufner
Knopp Solution,Knopp Solution
Knopp Solution,Knopp's Solution
Knopp Solution,Solution of Knopp
Knop Solution,Knop Solution
Knop Solution,Knop's Solution
Knop Solution,Solution of Knop
Kober Reaction,Kober Reaction
Kober Reaction,Kober's Reaction
Kober Reaction,Reaction of Kober
Kramer-Tisdall Method,Kramer-Tisdall Method
Kramer-Tisdall Method,Kramer Tisdall Method
Kramer-Tisdall Method,Kramer and Tisdall Method
Kramer-Tisdall Method,Kramer's and Tisdall's Method
Kramer-Tisdall Method,Kramer and Tisdall's Method
Kramer-Tisdall Method,Kramer Tisdall's Method
Kramer-Tisdall Method,Kramer-Tisdall's Method
Kramer-Tisdall Method,Method of Kramer and Tisdall
Kramer-Tisdall Method,Method of Kramer Tisdall
Kramer-Tisdall Method,Method of Kramer-Tisdall
Krautman Reagent,Krautman Reagent
Krautman Reagent,Krautman's Reagent
Krautman Reagent,Reagent of Krautman
Kunkel Test,Kunkel Test
Kunkel Test,Kunkel's Test
Kunkel Test,Test of Kunkel
Kuttner-Lichtenstein Method,Kuttner-Lichtenstein Method
Kuttner-Lichtenstein Method,Kuttner Lichtenstein Method
Kuttner-Lichtenstein Method,Kuttner and Lichtenstein Method
Kuttner-Lichtenstein Method,Kuttner's and Lichtenstein's Method
Kuttner-Lichtenstein Method,Kuttner and Lichtenstein's Method
Kuttner-Lichtenstein Method,Kuttner Lichtenstein's Method
Kuttner-Lichtenstein Method,Kuttner-Lichtenstein's Method
Kuttner-Lichtenstein Method,Method of Kuttner and Lichtenstein
Kuttner-Lichtenstein Method,Method of Kuttner Lichtenstein
Kuttner-Lichtenstein Method,Method of Kuttner-Lichtenstein
Lange Reaction,Lange Reaction
Lange Reaction,Lange's Reaction
Lange Reaction,Reaction of Lange
Lecanau Test,Lecanau Test
Lecanau Test,Lecanau's Test
Lecanau Test,Test of Lecanau
Legal Test,Legal Test
Legal Test,Legal's Test
Legal Test,Test of Legal
Leo Method,Leo Method
Leo Method,Leo's Method
Leo Method,Method of Leo
Levine Method,Levine Method
Levine Method,Levine's Method
Levine Method,Method of Levine
Levin-Watt Test,Levin-Watt Test
Levin-Watt Test,Levin Watt Test
Levin-Watt Test,Levin and Watt Test
Levin-Watt Test,Levin's and Watt's Test
Levin-Watt Test,Levin and Watt's Test
Levin-Watt Test,Levin Watt's Test
Levin-Watt Test,Levin-Watt's Test
Levin-Watt Test,Test of Levin and Watt
Levin-Watt Test,Test of Levin Watt
Levin-Watt Test,Test of Levin-Watt
Lewis-Benedict method,Lewis-Benedict method
Lewis-Benedict method,Lewis Benedict method
Lewis-Benedict method,Lewis and Benedict method
Lewis-Benedict method,Lewis' and Benedict's method
Lewis-Benedict method,Lewis's and Benedict's method
Lewis-Benedict method,Lewis and Benedict's method
Lewis-Benedict method,Lewis Benedict's method
Lewis-Benedict method,Lewis-Benedict's method
Lewis-Benedict method,method of Lewis and Benedict
Lewis-Benedict method,method of Lewis Benedict
Lewis-Benedict method,method of Lewis-Benedict
Lieben test,Lieben test
Lieben test,Lieben's test
Lieben test,test of Lieben
Liebermann-Burchard Reaction,Liebermann-Burchard Reaction
Liebermann-Burchard Reaction,Liebermann Burchard Reaction
Liebermann-Burchard Reaction,Liebermann and Burchard Reaction
Liebermann-Burchard Reaction,Liebermann's and Burchard's Reaction
Liebermann-Burchard Reaction,Liebermann and Burchard's Reaction
Liebermann-Burchard Reaction,Liebermann Burchard's Reaction
Liebermann-Burchard Reaction,Liebermann-Burchard's Reaction
Liebermann-Burchard Reaction,Reaction of Liebermann and Burchard
Liebermann-Burchard Reaction,Reaction of Liebermann Burchard
Liebermann-Burchard Reaction,Reaction of Liebermann-Burchard
Liebig Method,Liebig Method
Liebig Method,Liebig's Method
Liebig Method,Method of Liebig
Lloyd Reagent,Lloyd Reagent
Lloyd Reagent,Lloyd's Reagent
Lloyd Reagent,Reagent of Lloyd
Loebisch Coefficient,Loebisch Coefficient
Loebisch Coefficient,Loebisch's Coefficient
Loebisch Coefficient,Coefficient of Loebisch
Lohnstein Saccharometer,Lohnstein Saccharometer
Lohnstein Saccharometer,Lohnstein's Saccharometer
Lohnstein Saccharometer,Saccharometer of Lohnstein
Lowe Test,Lowe Test
Lowe Test,Lowe's Test
Lowe Test,Test of Lowe
Lowry Method,Lowry Method
Lowry Method,Lowry's Method
Lowry Method,Method of Lowry
Löwy method,Löwy method
Löwy method,Löwy's method
Löwy method,method of Löwy
Ludwig-Salkowski Method,Ludwig-Salkowski Method
Ludwig-Salkowski Method,Ludwig Salkowski Method
Ludwig-Salkowski Method,Ludwig and Salkowski Method
Ludwig-Salkowski Method,Ludwig's and Salkowski's Method
Ludwig-Salkowski Method,Ludwig and Salkowski's Method
Ludwig-Salkowski Method,Ludwig Salkowski's Method
Ludwig-Salkowski Method,Ludwig-Salkowski's Method
Ludwig-Salkowski Method,Method of Ludwig and Salkowski
Ludwig-Salkowski Method,Method of Ludwig Salkowski
Ludwig-Salkowski Method,Method of Ludwig-Salkowski
Lyon Apparatus,Lyon Apparatus
Lyon Apparatus,Lyon's Apparatus
Lyon Apparatus,Apparatus of Lyon
Maclagan thymol turbidity test,Maclagan thymol turbidity test
Maclagan thymol turbidity test,Maclagan's thymol turbidity test
Maclagan thymol turbidity test,thymol turbidity test of Maclagan
Malloy-Evelyn Method,Malloy-Evelyn Method
Malloy-Evelyn Method,Malloy Evelyn Method
Malloy-Evelyn Method,Malloy and Evelyn Method
Malloy-Evelyn Method,Malloy's and Evelyn's Method
Malloy-Evelyn Method,Malloy and Evelyn's Method
Malloy-Evelyn Method,Malloy Evelyn's Method
Malloy-Evelyn Method,Malloy-Evelyn's Method
Malloy-Evelyn Method,Method of Malloy and Evelyn
Malloy-Evelyn Method,Method of Malloy Evelyn
Malloy-Evelyn Method,Method of Malloy-Evelyn
Marechalt Test,Marechalt Test
Marechalt Test,Marechalt's Test
Marechalt Test,Test of Marechalt
Marquis Test,Marquis Test
Marquis Test,Marquis' Test
Marquis Test,Marquis's Test
Marquis Test,Test of Marquis
Matuszewski Method,Matuszewski Method
Matuszewski Method,Matuszewski's Method
Matuszewski Method,Method of Matuszewski
Mauzerall-Granick Method,Mauzerall-Granick Method
Mauzerall-Granick Method,Mauzerall Granick Method
Mauzerall-Granick Method,Mauzerall and Granick Method
Mauzerall-Granick Method,Mauzerall's and Granick's Method
Mauzerall-Granick Method,Mauzerall and Granick's Method
Mauzerall-Granick Method,Mauzerall Granick's Method
Mauzerall-Granick Method,Mauzerall-Granick's Method
Mauzerall-Granick Method,Method of Mauzerall and Granick
Mauzerall-Granick Method,Method of Mauzerall Granick
Mauzerall-Granick Method,Method of Mauzerall-Granick
McCrudden Method,McCrudden Method
McCrudden Method,McCrudden's Method
McCrudden Method,Method of McCrudden
Mercer Method,Mercer Method
Mercer Method,Mercer's Method
Mercer Method,Method of Mercer
Mette Method,Mette Method
Mette Method,Mette's Method
Mette Method,Method of Mette
Millard Phenic Reagent,Millard Phenic Reagent
Millard Phenic Reagent,Millard's Phenic Reagent
Millard Phenic Reagent,Phenic Reagent of Millard
Millon Test,Millon Test
Millon Test,Millon's Test
Millon Test,Test of Millon
Mohr Method,Mohr Method
Mohr Method,Mohr's Method
Mohr Method,Method of Mohr
Momose-Ohkura Method,Momose-Ohkura Method
Momose-Ohkura Method,Momose Ohkura Method
Momose-Ohkura Method,Momose and Ohkura Method
Momose-Ohkura Method,Momose's and Ohkura's Method
Momose-Ohkura Method,Momose and Ohkura's Method
Momose-Ohkura Method,Momose Ohkura's Method
Momose-Ohkura Method,Momose-Ohkura's Method
Momose-Ohkura Method,Method of Momose and Ohkura
Momose-Ohkura Method,Method of Momose Ohkura
Momose-Ohkura Method,Method of Momose-Ohkura
Moore Test,Moore Test
Moore Test,Moore's Test
Moore Test,Test of Moore
Moritz Test,Moritz Test
Moritz Test,Moritz's Test
Moritz Test,Test of Moritz
Morner-Sjoqvist Method,Morner-Sjoqvist Method
Morner-Sjoqvist Method,Morner Sjoqvist Method
Morner-Sjoqvist Method,Morner and Sjoqvist Method
Morner-Sjoqvist Method,Morner's and Sjoqvist's Method
Morner-Sjoqvist Method,Morner and Sjoqvist's Method
Morner-Sjoqvist Method,Morner Sjoqvist's Method
Morner-Sjoqvist Method,Morner-Sjoqvist's Method
Morner-Sjoqvist Method,Method of Morner and Sjoqvist
Morner-Sjoqvist Method,Method of Morner Sjoqvist
Morner-Sjoqvist Method,Method of Morner-Sjoqvist
Morner Test,Morner Test
Morner Test,Morner's Test
Morner Test,Test of Morner
Mulder-Neubauer Test,Mulder-Neubauer Test
Mulder-Neubauer Test,Mulder Neubauer Test
Mulder-Neubauer Test,Mulder and Neubauer Test
Mulder-Neubauer Test,Mulder's and Neubauer's Test
Mulder-Neubauer Test,Mulder and Neubauer's Test
Mulder-Neubauer Test,Mulder Neubauer's Test
Mulder-Neubauer Test,Mulder-Neubauer's Test
Mulder-Neubauer Test,Test of Mulder and Neubauer
Mulder-Neubauer Test,Test of Mulder Neubauer
Mulder-Neubauer Test,Test of Mulder-Neubauer
Mulder Test,Mulder Test
Mulder Test,Mulder's Test
Mulder Test,Test of Mulder
Nakayama Test,Nakayama Test
Nakayama Test,Nakayama's Test
Nakayama Test,Test of Nakayama
Natelson Microgasometer,Natelson Microgasometer
Natelson Microgasometer,Natelson's Microgasometer
Natelson Microgasometer,Microgasometer of Natelson
Naumann Test,Naumann Test
Naumann Test,Naumann's Test
Naumann Test,Test of Naumann
Nelson-Somogyi Method,Nelson-Somogyi Method
Nelson-Somogyi Method,Nelson Somogyi Method
Nelson-Somogyi Method,Nelson and Somogyi Method
Nelson-Somogyi Method,Nelson's and Somogyi's Method
Nelson-Somogyi Method,Nelson and Somogyi's Method
Nelson-Somogyi Method,Nelson Somogyi's Method
Nelson-Somogyi Method,Nelson-Somogyi's Method
Nelson-Somogyi Method,Method of Nelson and Somogyi
Nelson-Somogyi Method,Method of Nelson Somogyi
Nelson-Somogyi Method,Method of Nelson-Somogyi
Nencki-Siever Test,Nencki-Siever Test
Nencki-Siever Test,Nencki Siever Test
Nencki-Siever Test,Nencki and Siever Test
Nencki-Siever Test,Nencki's and Siever's Test
Nencki-Siever Test,Nencki and Siever's Test
Nencki-Siever Test,Nencki Siever's Test
Nencki-Siever Test,Nencki-Siever's Test
Nencki-Siever Test,Test of Nencki and Siever
Nencki-Siever Test,Test of Nencki Siever
Nencki-Siever Test,Test of Nencki-Siever
Nesslerization,Nesslerization
Nessler Reagent,Nessler Reagent
Nessler Reagent,Nessler's Reagent
Nessler Reagent,Reagent of Nessler
Neumann Test,Neumann Test
Neumann Test,Neumann's Test
Neumann Test,Test of Neumann
Noble Test,Noble Test
Noble Test,Noble's Test
Noble Test,Test of Noble
Noguchi Butyric Acid Test,Noguchi Butyric Acid Test
Noguchi Butyric Acid Test,Noguchi's Butyric Acid Test
Noguchi Butyric Acid Test,Butyric Acid Test of Noguchi
Nonne-Apelt Test,Nonne-Apelt Test
Nonne-Apelt Test,Nonne Apelt Test
Nonne-Apelt Test,Nonne and Apelt Test
Nonne-Apelt Test,Nonne's and Apelt's Test
Nonne-Apelt Test,Nonne and Apelt's Test
Nonne-Apelt Test,Nonne Apelt's Test
Nonne-Apelt Test,Nonne-Apelt's Test
Nonne-Apelt Test,Test of Nonne and Apelt
Nonne-Apelt Test,Test of Nonne Apelt
Nonne-Apelt Test,Test of Nonne-Apelt
Nylander Test,Nylander Test
Nylander Test,Nylander's Test
Nylander Test,Test of Nylander
Obermayer Reagent,Obermayer Reagent
Obermayer Reagent,Obermayer's Reagent
Obermayer Reagent,Reagent of Obermayer
Obermayer Test,Obermayer Test
Obermayer Test,Obermayer's Test
Obermayer Test,Test of Obermayer
Oliver Test,Oliver Test
Oliver Test,Oliver's Test
Oliver Test,Test of Oliver
Oliver Test Papers,Oliver Test Papers
Oliver Test Papers,Oliver's Test Papers
Oliver Test Papers,Test Papers of Oliver
Ostwald-Folin Pipette,Ostwald-Folin Pipette
Ostwald-Folin Pipette,Ostwald Folin Pipette
Ostwald-Folin Pipette,Ostwald and Folin Pipette
Ostwald-Folin Pipette,Ostwald's and Folin's Pipette
Ostwald-Folin Pipette,Ostwald and Folin's Pipette
Ostwald-Folin Pipette,Ostwald Folin's Pipette
Ostwald-Folin Pipette,Ostwald-Folin's Pipette
Ostwald-Folin Pipette,Pipette of Ostwald and Folin
Ostwald-Folin Pipette,Pipette of Ostwald Folin
Ostwald-Folin Pipette,Pipette of Ostwald-Folin
Ott Test,Ott Test
Ott Test,Ott's Test
Ott Test,Test of Ott
Pandy Test,Pandy Test
Pandy Test,Pandy's Test
Pandy Test,Test of Pandy
Pavy Method,Pavy Method
Pavy Method,Pavy's Method
Pavy Method,Method of Pavy
Pearson-Stern-MacGavack Method,Pearson-Stern-MacGavack Method
Pearson-Stern-MacGavack Method,Pearson Stern MacGavack Method
Pearson-Stern-MacGavack Method,"Pearson, Stern and MacGavack Method"
Pearson-Stern-MacGavack Method,"Pearson, Stern, and MacGavack Method"
Pearson-Stern-MacGavack Method,"Pearson's, Stern's and MacGavack's Method"
Pearson-Stern-MacGavack Method,"Pearson's, Stern's, and MacGavack's Method"
Pearson-Stern-MacGavack Method,"Pearson, Stern and MacGavack's Method"
Pearson-Stern-MacGavack Method,"Pearson, Stern, and MacGavack's Method"
Pearson-Stern-MacGavack Method,Pearson Stern MacGavack's Method
Pearson-Stern-MacGavack Method,Pearson-Stern-MacGavack's Method
Pearson-Stern-MacGavack Method,Method of Pearson and Stern and MacGavack
Pearson-Stern-MacGavack Method,Method of Pearson Stern MacGavack
Pearson-Stern-MacGavack Method,Method of Pearson-Stern-MacGavack
Pearson-Stern-MacGavack Method,"Method of Pearson, Stern and MacGavack"
Pearson-Stern-MacGavack Method,"Method of Pearson, Stern, and MacGavack"
Pettenkofer Test,Pettenkofer Test
Pettenkofer Test,Pettenkofer's Test
Pettenkofer Test,Test of Pettenkofer
Piotrowski Reaction,Piotrowski Reaction
Piotrowski Reaction,Piotrowski's Reaction
Piotrowski Reaction,Reaction of Piotrowski
Piria Test,Piria Test
Piria Test,Piria's Test
Piria Test,Test of Piria
Pisano Method,Pisano Method
Pisano Method,Pisano's Method
Pisano Method,Method of Pisano
Porter-Silber Chromogens Test,Porter-Silber Chromogens Test
Porter-Silber Chromogens Test,Porter Silber Chromogens Test
Porter-Silber Chromogens Test,Porter and Silber Chromogens Test
Porter-Silber Chromogens Test,Porter's and Silber's Chromogens Test
Porter-Silber Chromogens Test,Porter and Silber's Chromogens Test
Porter-Silber Chromogens Test,Porter Silber's Chromogens Test
Porter-Silber Chromogens Test,Porter-Silber's Chromogens Test
Porter-Silber Chromogens Test,Chromogens Test of Porter and Silber
Porter-Silber Chromogens Test,Chromogens Test of Porter Silber
Porter-Silber Chromogens Test,Chromogens Test of Porter-Silber
Praetorius Enzymatic Procedure,Praetorius Enzymatic Procedure
Praetorius Enzymatic Procedure,Praetorius' Enzymatic Procedure
Praetorius Enzymatic Procedure,Praetorius's Enzymatic Procedure
Praetorius Enzymatic Procedure,Enzymatic Procedure of Praetorius
Purdy Centrifugal Method,Purdy Centrifugal Method
Purdy Centrifugal Method,Purdy's Centrifugal Method
Purdy Centrifugal Method,Centrifugal Method of Purdy
Quintard Test,Quintard Test
Quintard Test,Quintard's Test
Quintard Test,Test of Quintard
Raabe Dry Test,Raabe Dry Test
Raabe Dry Test,Raabe's Dry Test
Raabe Dry Test,Dry Test of Raabe
Ralfe Test,Ralfe Test
Ralfe Test,Ralfe's Test
Ralfe Test,Test of Ralfe
Regan Enzyme,Regan Enzyme
Regan Enzyme,Regan's Enzyme
Regan Enzyme,Enzyme of Regan
Reinsch Test,Reinsch Test
Reinsch Test,Reinsch's Test
Reinsch Test,Test of Reinsch
Reitman-Frankel Method,Reitman-Frankel Method
Reitman-Frankel Method,Reitman Frankel Method
Reitman-Frankel Method,Reitman and Frankel Method
Reitman-Frankel Method,Reitman's and Frankel's Method
Reitman-Frankel Method,Reitman and Frankel's Method
Reitman-Frankel Method,Reitman Frankel's Method
Reitman-Frankel Method,Reitman-Frankel's Method
Reitman-Frankel Method,Method of Reitman and Frankel
Reitman-Frankel Method,Method of Reitman Frankel
Reitman-Frankel Method,Method of Reitman-Frankel
Reynold Test,Reynold Test
Reynold Test,Reynold's Test
Reynold Test,Test of Reynold
Riegel Method,Riegel Method
Riegel Method,Riegel's Method
Riegel Method,Method of Riegel
Robert Fermentation Method,Robert Fermentation Method
Robert Fermentation Method,Robert's Fermentation Method
Robert Fermentation Method,Fermentation Method of Robert
Robin Test,Robin Test
Robin Test,Robin's Test
Robin Test,Test of Robin
Rosenbach Test,Rosenbach Test
Rosenbach Test,Rosenbach's Test
Rosenbach Test,Test of Rosenbach
Rosenthal Test,Rosenthal Test
Rosenthal Test,Rosenthal's Test
Rosenthal Test,Test of Rosenthal
Rosin Test,Rosin Test
Rosin Test,Rosin's Test
Rosin Test,Test of Rosin
Ross-Jones Test,Ross-Jones Test
Ross-Jones Test,Ross Jones Test
Ross-Jones Test,Ross and Jones Test
Ross-Jones Test,Ross' and Jones' Test
Ross-Jones Test,Ross' and Jones's Test
Ross-Jones Test,Ross's and Jones' Test
Ross-Jones Test,Ross's and Jones's Test
Ross-Jones Test,Ross and Jones' Test
Ross-Jones Test,Ross Jones' Test
Ross-Jones Test,Ross-Jones' Test
Ross-Jones Test,Ross and Jones's Test
Ross-Jones Test,Ross Jones's Test
Ross-Jones Test,Ross-Jones's Test
Ross-Jones Test,Test of Ross and Jones
Ross-Jones Test,Test of Ross Jones
Ross-Jones Test,Test of Ross-Jones
Rothera Test,Rothera Test
Rothera Test,Rothera's Test
Rothera Test,Test of Rothera
Roy Method,Roy Method
Roy Method,Roy's Method
Roy Method,Method of Roy
Rubner Test,Rubner Test
Rubner Test,Rubner's Test
Rubner Test,Test of Rubner
Ruhemann Uricometer,Ruhemann Uricometer
Ruhemann Uricometer,Ruhemann's Uricometer
Ruhemann Uricometer,Uricometer of Ruhemann
Rumack-Matthew Nomogram,Rumack-Matthew Nomogram
Rumack-Matthew Nomogram,Rumack Matthew Nomogram
Rumack-Matthew Nomogram,Rumack and Matthew Nomogram
Rumack-Matthew Nomogram,Rumack's and Matthew's Nomogram
Rumack-Matthew Nomogram,Rumack and Matthew's Nomogram
Rumack-Matthew Nomogram,Rumack Matthew's Nomogram
Rumack-Matthew Nomogram,Rumack-Matthew's Nomogram
Rumack-Matthew Nomogram,Nomogram of Rumack and Matthew
Rumack-Matthew Nomogram,Nomogram of Rumack Matthew
Rumack-Matthew Nomogram,Nomogram of Rumack-Matthew
Russo Test,Russo Test
Russo Test,Russo's Test
Russo Test,Test of Russo
Salkowski Method,Salkowski Method
Salkowski Method,Salkowski's Method
Salkowski Method,Method of Salkowski
Salkowski-Vollard Method,Salkowski-Vollard Method
Salkowski-Vollard Method,Salkowski Vollard Method
Salkowski-Vollard Method,Salkowski and Vollard Method
Salkowski-Vollard Method,Salkowski's and Vollard's Method
Salkowski-Vollard Method,Salkowski and Vollard's Method
Salkowski-Vollard Method,Salkowski Vollard's Method
Salkowski-Vollard Method,Salkowski-Vollard's Method
Salkowski-Vollard Method,Method of Salkowski and Vollard
Salkowski-Vollard Method,Method of Salkowski Vollard
Salkowski-Vollard Method,Method of Salkowski-Vollard
Salkowski-Ludwig Method,Salkowski-Ludwig Method
Salkowski-Ludwig Method,Salkowski Ludwig Method
Salkowski-Ludwig Method,Salkowski and Ludwig Method
Salkowski-Ludwig Method,Salkowski's and Ludwig's Method
Salkowski-Ludwig Method,Salkowski and Ludwig's Method
Salkowski-Ludwig Method,Salkowski Ludwig's Method
Salkowski-Ludwig Method,Salkowski-Ludwig's Method
Salkowski-Ludwig Method,Method of Salkowski and Ludwig
Salkowski-Ludwig Method,Method of Salkowski Ludwig
Salkowski-Ludwig Method,Method of Salkowski-Ludwig
Sanger Sequencing,Sanger Sequencing
Sanger Sequencing,Sanger's Sequencing
Sanger Sequencing,Sequencing of Sanger
Schaer Test,Schaer Test
Schaer Test,Schaer's Test
Schaer Test,Test of Schaer
Schaer-Klunge Test,Schaer-Klunge Test
Schaer-Klunge Test,Schaer Klunge Test
Schaer-Klunge Test,Schaer and Klunge Test
Schaer-Klunge Test,Schaer's and Klunge's Test
Schaer-Klunge Test,Schaer and Klunge's Test
Schaer-Klunge Test,Schaer Klunge's Test
Schaer-Klunge Test,Schaer-Klunge's Test
Schaer-Klunge Test,Test of Schaer and Klunge
Schaer-Klunge Test,Test of Schaer Klunge
Schaer-Klunge Test,Test of Schaer-Klunge
Schales-Schales Method,Schales-Schales Method
Schales-Schales Method,Schales Schales Method
Schales-Schales Method,Schales and Schales Method
Schales-Schales Method,Schales' and Schales' Method
Schales-Schales Method,Schales' and Schales's Method
Schales-Schales Method,Schales's and Schales' Method
Schales-Schales Method,Schales's and Schales's Method
Schales-Schales Method,Schales and Schales' Method
Schales-Schales Method,Schales Schales' Method
Schales-Schales Method,Schales-Schales' Method
Schales-Schales Method,Schales and Schales's Method
Schales-Schales Method,Schales Schales's Method
Schales-Schales Method,Schales-Schales's Method
Schales-Schales Method,Method of Schales and Schales
Schales-Schales Method,Method of Schales Schales
Schales-Schales Method,Method of Schales-Schales
Schaumann Method,Schaumann Method
Schaumann Method,Schaumann's Method
Schaumann Method,Method of Schaumann
Schiff Test,Schiff Test
Schiff Test,Schiff's Test
Schiff Test,Test of Schiff
Schlesinger Test,Schlesinger Test
Schlesinger Test,Schlesinger's Test
Schlesinger Test,Test of Schlesinger
Schlosing Ammonia Apparatus,Schlosing Ammonia Apparatus
Schlosing Ammonia Apparatus,Schlosing's Ammonia Apparatus
Schlosing Ammonia Apparatus,Ammonia Apparatus of Schlosing
Schmaltz Pyknometric Method,Schmaltz Pyknometric Method
Schmaltz Pyknometric Method,Schmaltz's Pyknometric Method
Schmaltz Pyknometric Method,Pyknometric Method of Schmaltz
Schonbein Test-paper,Schonbein Test-paper
Schonbein Test-paper,Schonbein's Test-paper
Schonbein Test-paper,Test-paper of Schonbein
Schütz Araëo-Saccharometer,Schütz Araëo-Saccharometer
Schütz Araëo-Saccharometer,Schütz's Araëo-Saccharometer
Schütz Araëo-Saccharometer,Araëo-Saccharometer of Schütz
Seegen Method,Seegen Method
Seegen Method,Seegen's Method
Seegen Method,Method of Seegen
Seliwanoff Reaction,Seliwanoff Reaction
Seliwanoff Reaction,Seliwanoff's Reaction
Seliwanoff Reaction,Reaction of Seliwanoff
Severinghaus Electrode,Severinghaus Electrode
Severinghaus Electrode,Severinghaus' Electrode
Severinghaus Electrode,Severinghaus's Electrode
Severinghaus Electrode,Electrode of Severinghaus
Shaffer Method,Shaffer Method
Shaffer Method,Shaffer's Method
Shaffer Method,Method of Shaffer
Sherer Method,Sherer Method
Sherer Method,Sherer's Method
Sherer Method,Method of Sherer
Simon Method,Simon Method
Simon Method,Simon's Method
Simon Method,Method of Simon
Smith-Rosin Test,Smith-Rosin Test
Smith-Rosin Test,Smith Rosin Test
Smith-Rosin Test,Smith and Rosin Test
Smith-Rosin Test,Smith's and Rosin's Test
Smith-Rosin Test,Smith and Rosin's Test
Smith-Rosin Test,Smith Rosin's Test
Smith-Rosin Test,Smith-Rosin's Test
Smith-Rosin Test,Test of Smith and Rosin
Smith-Rosin Test,Test of Smith Rosin
Smith-Rosin Test,Test of Smith-Rosin
Smith Test,Smith Test
Smith Test,Smith's Test
Smith Test,Test of Smith
Somogyi Method,Somogyi Method
Somogyi Method,Somogyi's Method
Somogyi Method,Method of Somogyi
Somogyi Unit,Somogyi Unit
Somogyi Unit,Somogyi's Unit
Somogyi Unit,Unit of Somogyi
Southern Blot,Southern Blot
Southern Blot,Southern's Blot
Southern Blot,Blot of Southern
Spaeths Sedimentation Glass,Spaeths Sedimentation Glass
Spaeths Sedimentation Glass,Spaeths' Sedimentation Glass
Spaeths Sedimentation Glass,Spaeths's Sedimentation Glass
Spaeths Sedimentation Glass,Sedimentation Glass of Spaeths
Squibb Urinometer,Squibb Urinometer
Squibb Urinometer,Squibb's Urinometer
Squibb Urinometer,Urinometer of Squibb
Stern Urinoglucosometer,Stern Urinoglucosometer
Stern Urinoglucosometer,Stern's Urinoglucosometer
Stern Urinoglucosometer,Urinoglucosometer of Stern
Stock Test,Stock Test
Stock Test,Stock's Test
Stock Test,Test of Stock
Stokvis Test,Stokvis Test
Stokvis Test,Stokvis' Test
Stokvis Test,Stokvis's Test
Stokvis Test,Test of Stokvis
Strauss Apparatus,Strauss Apparatus
Strauss Apparatus,Strauss' Apparatus
Strauss Apparatus,Strauss's Apparatus
Strauss Apparatus,Apparatus of Strauss
Strauss Test,Strauss Test
Strauss Test,Strauss' Test
Strauss Test,Strauss's Test
Strauss Test,Test of Strauss
Sulkowitch Test,Sulkowitch Test
Sulkowitch Test,Sulkowitch's Test
Sulkowitch Test,Test of Sulkowitch
Takata-ara Test,Takata-ara Test
Takata-ara Test,Takata ara Test
Takata-ara Test,Takata and ara Test
Takata-ara Test,Takata's and ara's Test
Takata-ara Test,Takata and ara's Test
Takata-ara Test,Takata ara's Test
Takata-ara Test,Takata-ara's Test
Takata-ara Test,Test of Takata and ara
Takata-ara Test,Test of Takata ara
Takata-ara Test,Test of Takata-ara
Tanret Reagent,Tanret Reagent
Tanret Reagent,Tanret's Reagent
Tanret Reagent,Reagent of Tanret
Tanret Test,Tanret Test
Tanret Test,Tanret's Test
Tanret Test,Test of Tanret
Thormahlen Test,Thormahlen Test
Thormahlen Test,Thormahlen's Test
Thormahlen Test,Test of Thormahlen
Tollen Orcin Test,Tollen Orcin Test
Tollen Orcin Test,Tollen's Orcin Test
Tollen Orcin Test,Orcin Test of Tollen
Topfer Method,Topfer Method
Topfer Method,Topfer's Method
Topfer Method,Method of Topfer
Trapp Coefficient,Trapp Coefficient
Trapp Coefficient,Trapp's Coefficient
Trapp Coefficient,Coefficient of Trapp
Trinder Method,Trinder Method
Trinder Method,Trinder's Method
Trinder Method,Method of Trinder
Trommer Test,Trommer Test
Trommer Test,Trommer's Test
Trommer Test,Test of Trommer
Udenfriend Procedure,Udenfriend Procedure
Udenfriend Procedure,Udenfriend's Procedure
Udenfriend Procedure,Procedure of Udenfriend
Uffelmann Test,Uffelmann Test
Uffelmann Test,Uffelmann's Test
Uffelmann Test,Test of Uffelmann
Ultzmann Test,Ultzmann Test
Ultzmann Test,Ultzmann's Test
Ultzmann Test,Test of Ultzmann
Van Deen Test,Van Deen Test
Van Deen Test,Van Deen's Test
Van Deen Test,Test of Van Deen
Van den Bergh Reaction,Van den Bergh Reaction
Van den Bergh Reaction,Van den Bergh's Reaction
Van den Bergh Reaction,Reaction of Van den Bergh
Van Slyke Method,Van Slyke Method
Van Slyke Method,Van Slyke's Method
Van Slyke Method,Method of Van Slyke
Van Slyke Apparatus,Van Slyke Apparatus
Van Slyke Apparatus,Van Slyke's Apparatus
Van Slyke Apparatus,Apparatus of Van Slyke
Van Slyke Equation,Van Slyke Equation
Van Slyke Equation,Van Slyke's Equation
Van Slyke Equation,Equation of Van Slyke
Van Urk Reagent,Van Urk Reagent
Van Urk Reagent,Van Urk's Reagent
Van Urk Reagent,Reagent of Van Urk
Vassilieff Method of Titration,Vassilieff Method of Titration
Vassilieff Method of Titration,Vassilieff's Method of Titration
Vassilieff Method of Titration,Method of Titration of Vassilieff
Volhard Method,Volhard Method
Volhard Method,Volhard's Method
Volhard Method,Method of Volhard
Von Jaksch Test,Von Jaksch Test
Von Jaksch Test,Von Jaksch's Test
Von Jaksch Test,Test of Von Jaksch
Von Jaksch Method,Von Jaksch Method
Von Jaksch Method,Von Jaksch's Method
Von Jaksch Method,Method of Von Jaksch
Waldenstrom Porphyrins,Waldenstrom Porphyrins
Waldenstrom Porphyrins,Waldenstrom's Porphyrins
Waldenstrom Porphyrins,Porphyrins of Waldenstrom
Wallace-Diamond Test,Wallace-Diamond Test
Wallace-Diamond Test,Wallace Diamond Test
Wallace-Diamond Test,Wallace and Diamond Test
Wallace-Diamond Test,Wallace's and Diamond's Test
Wallace-Diamond Test,Wallace and Diamond's Test
Wallace-Diamond Test,Wallace Diamond's Test
Wallace-Diamond Test,Wallace-Diamond's Test
Wallace-Diamond Test,Test of Wallace and Diamond
Wallace-Diamond Test,Test of Wallace Diamond
Wallace-Diamond Test,Test of Wallace-Diamond
Wang Method,Wang Method
Wang Method,Wang's Method
Wang Method,Method of Wang
Watson-Schwartz Test,Watson-Schwartz Test
Watson-Schwartz Test,Watson Schwartz Test
Watson-Schwartz Test,Watson and Schwartz Test
Watson-Schwartz Test,Watson's and Schwartz's Test
Watson-Schwartz Test,Watson and Schwartz's Test
Watson-Schwartz Test,Watson Schwartz's Test
Watson-Schwartz Test,Watson-Schwartz's Test
Watson-Schwartz Test,Test of Watson and Schwartz
Watson-Schwartz Test,Test of Watson Schwartz
Watson-Schwartz Test,Test of Watson-Schwartz
Weber Test,Weber Test
Weber Test,Weber's Test
Weber Test,Test of Weber
Weber-Schalm Method,Weber-Schalm Method
Weber-Schalm Method,Weber Schalm Method
Weber-Schalm Method,Weber and Schalm Method
Weber-Schalm Method,Weber's and Schalm's Method
Weber-Schalm Method,Weber and Schalm's Method
Weber-Schalm Method,Weber Schalm's Method
Weber-Schalm Method,Weber-Schalm's Method
Weber-Schalm Method,Method of Weber and Schalm
Weber-Schalm Method,Method of Weber Schalm
Weber-Schalm Method,Method of Weber-Schalm
Werner-Schmidt Method,Werner-Schmidt Method
Werner-Schmidt Method,Werner Schmidt Method
Werner-Schmidt Method,Werner and Schmidt Method
Werner-Schmidt Method,Werner's and Schmidt's Method
Werner-Schmidt Method,Werner and Schmidt's Method
Werner-Schmidt Method,Werner Schmidt's Method
Werner-Schmidt Method,Werner-Schmidt's Method
Werner-Schmidt Method,Method of Werner and Schmidt
Werner-Schmidt Method,Method of Werner Schmidt
Werner-Schmidt Method,Method of Werner-Schmidt
Westgard Rules,Westgard Rules
Westgard Rules,Westgard's Rules
Westgard Rules,Rules of Westgard
Weyl Test,Weyl Test
Weyl Test,Weyl's Test
Weyl Test,Test of Weyl
Whitney Method,Whitney Method
Whitney Method,Whitney's Method
Whitney Method,Method of Whitney
Williamson Test,Williamson Test
Williamson Test,Williamson's Test
Williamson Test,Test of Williamson
Will-Varrentrapp Method,Will-Varrentrapp Method
Will-Varrentrapp Method,Will Varrentrapp Method
Will-Varrentrapp Method,Will and Varrentrapp Method
Will-Varrentrapp Method,Will's and Varrentrapp's Method
Will-Varrentrapp Method,Will and Varrentrapp's Method
Will-Varrentrapp Method,Will Varrentrapp's Method
Will-Varrentrapp Method,Will-Varrentrapp's Method
Will-Varrentrapp Method,Method of Will and Varrentrapp
Will-Varrentrapp Method,Method of Will Varrentrapp
Will-Varrentrapp Method,Method of Will-Varrentrapp
Wohlk Test,Wohlk Test
Wohlk Test,Wohlk's Test
Wohlk Test,Test of Wohlk
Wolfson-Cohn Method,Wolfson-Cohn Method
Wolfson-Cohn Method,Wolfson Cohn Method
Wolfson-Cohn Method,Wolfson and Cohn Method
Wolfson-Cohn Method,Wolfson's and Cohn's Method
Wolfson-Cohn Method,Wolfson and Cohn's Method
Wolfson-Cohn Method,Wolfson Cohn's Method
Wolfson-Cohn Method,Wolfson-Cohn's Method
Wolfson-Cohn Method,Method of Wolfson and Cohn
Wolfson-Cohn Method,Method of Wolfson Cohn
Wolfson-Cohn Method,Method of Wolfson-Cohn
Yvon Process,Yvon Process
Yvon Process,Yvon's Process
Yvon Process,Process of Yvon
Zak Color Reaction,Zak Color Reaction
Zak Color Reaction,Zak's Color Reaction
Zak Color Reaction,Color Reaction of Zak
Zak-Epstein Method,Zak-Epstein Method
Zak-Epstein Method,Zak Epstein Method
Zak-Epstein Method,Zak and Epstein Method
Zak-Epstein Method,Zak's and Epstein's Method
Zak-Epstein Method,Zak and Epstein's Method
Zak-Epstein Method,Zak Epstein's Method
Zak-Epstein Method,Zak-Epstein's Method
Zak-Epstein Method,Method of Zak and Epstein
Zak-Epstein Method,Method of Zak Epstein
Zak-Epstein Method,Method of Zak-Epstein
Zeller Test,Zeller Test
Zeller Test,Zeller's Test
Zeller Test,Test of Zeller
Zimmerman Reaction,Zimmerman Reaction
Zimmerman Reaction,Zimmerman's Reaction
Zimmerman Reaction,Reaction of Zimmerman
