Name(s),Test
Abell-Kendall,method
Adamkiewicz,Test
Adler,Test
Allen,Correction
Allen,Volumetric Method
Almen-Bottger,Test
Almen-Nylander,Test
Almen,Test
Ambard,Laws
Apjohn,Apparatus
Apjohn,Method
Archibald,Method
Archibald-Kern,Procedure
Arnold-Lipliawski,Test
Arnold,Test
Aschheim-Zondek,Test
Astrup,Method
Babon,Method
Baird,Flame Photometer
Baldwin,Method
Bang,Method
Barfoed,Test
Barreswill,test
Bartley,Method
Bayer-Drewsen,Indigo Test
Beckman,Cryoscope
Benedict,Test
Berry,test
Berthelot,Reaction
Beutler,Test
Bird,Tables
Black,Method
Boas,Test
Bodansky,Method
Bolton-Hunter,Technique
Boston,Method
Bottger,Test
Bowers-McComb,Method
Bratton-Marshall,Method
Braun,Test
Brdicka,Reaction
Bremmers,Diabetic Urine Test
Bucolo-David,Method
Bunsen,Method
Camerer,Method
Carraway,Method
Carr-Price,Method
Charteris,Ureameter
Chautard,Test
Chiou,Method
Cockcroft-Gault,Equation
Cole,Method
Cotlove,Chloridometer
Dare,Hemo-alkalimeter
Dengies,Method
Deniges,Test
Donne,Test
Donogany,method
Doremus,Ureometer
Doremus-Hinds,Ureometer
Duboscq-type,Visual Colorimeter
Ducci-Watson,Modification
Dumas,Method
Ehrlich,Reaction
Einhorn,Fermentation Tube
Ellman,Procedure
Emmerie-Engel,Procedure
Epstein,Method
Esbach,Reagent
Esbach,Albuminometer
Exton,Reagent
Farr,Technique
Fearon,Reaction
Fehling,Test
Fernandez-Loeb,Plot
Feser,Lactoscope
Flegg,method
Fleishl,test
Fleitmann,Test
Fokker-Salkowski,Method
Folin-Ciocalteu,Method
Folin-Denis,Reagent
Folin,Reagent
Folin,Method
Folin,Phenol Reagent
Folin-Wu,Method
Fouchet,Test
Fowler,Method
Fredrickson-Levy,Classification
Fresenius-Babo,Method
Freund,Method
Friedewald,Formula
Friedman,Test
Friedwald,Formula
Frommer,Test
Garrod,method
Gerhardt,Test
Gerrard,Ureometer
Gibson-Cooke,Method
Gluck,method
Glynn-Kendal,Method
Gmelin,Test
Goldenberg,Procedure
Gunning,Test
Gunzburg,Test
Guthrie,Test
Haeckel,Enzymic Technique
Haeser,Coefficient
Hagedorn-Jensen,Method
Haines,Test
Haldane,Method
Hall,Purinometer
Hammarsten,Test
Hammerschlag,Method
Hammersten-Salkowski,Test
Hanger,test
Harrison,Spot Test
Hart,Test
Hawk,Method
Haycraft,method
Hay,Sulfur Test
Heeren,Pioscope
Heintz,method
Heller,Test
Heller,Table
Heller,Nitric Acid Ring Test
Henderson-Palmer,Method
Hinds,Modification of Doremus' Ureometer
Hoesch,Test
Hoffmann,Test
Hofmeister,Method
Hofmeister,Test
Hohnel-Glaser,Method
Hopkins,Method
Huppert-Messinger,Method
Huppert,Test
Jacobi,Method
Jaffe,Reaction
Jaffe-Schlesinger,Test
Jaffe-Zierdt,Test
Jendrassik-Grof,Method
Johnson,Picro-saccharometer
Jolles,Ferrometer
Karmen,Method
Karr,Urea Method
Kelling,Test
Kern-Stransky,Procedure
Kiliani,Reaction
King-Armstrong,Method
Kingsley,Biuret Reagent
Kjedahl,Method
Kjeldahl,Method
Klunge,Test
Knapp,Method
Knop-Hufner,Method
Knopp,Solution
Knop,Solution
Kober,Reaction
Kramer-Tisdall,Method
Krautman,Reagent
Kunkel,Test
Kuttner-Lichtenstein,Method
Lange,Reaction
Lecanau,Test
Legal,Test
Leo,Method
Levine,Method
Levin-Watt,Test
Lewis-Benedict,method
Lieben,test
Liebermann-Burchard,Reaction
Liebig,Method
Lloyd,Reagent
Loebisch,Coefficient
Lohnstein,Saccharometer
Lowe,Test
Lowry,Method
Löwy,method
Ludwig-Salkowski,Method
Lyon,Apparatus
Maclagan,thymol turbidity test
Malloy-Evelyn,Method
Marechalt,Test
Marquis,Test
Matuszewski,Method
Mauzerall-Granick,Method
McCrudden,Method
Mercer,Method
Mette,Method
Millard,Phenic Reagent
Millon,Test
Mohr,Method
Momose-Ohkura,Method
Moore,Test
Moritz,Test
Morner-Sjoqvist,Method
Morner,Test
Mulder-Neubauer,Test
Mulder,Test
Nakayama,Test
Natelson,Microgasometer
Naumann,Test
Nelson-Somogyi,Method
Nencki-Siever,Test
,Nesslerization
Nessler,Reagent
Neumann,Test
Noble,Test
Noguchi,Butyric Acid Test
Nonne-Apelt,Test
Nylander,Test
Obermayer,Reagent
Obermayer,Test
Oliver,Test
Oliver,Test Papers
Ostwald-Folin,Pipette
Ott,Test
Pandy,Test
Pavy,Method
Pearson-Stern-MacGavack,Method
Pettenkofer,Test
Piotrowski,Reaction
Piria,Test
Pisano,Method
Porter-Silber,Chromogens Test
Praetorius,Enzymatic Procedure
Purdy,Centrifugal Method
Quintard,Test
Raabe,Dry Test
Ralfe,Test
Regan,Enzyme
Reinsch,Test
Reitman-Frankel,Method
Reynold,Test
Riegel,Method
Robert,Fermentation Method
Robin,Test
Rosenbach,Test
Rosenthal,Test
Rosin,Test
Ross-Jones,Test
Rothera,Test
Roy,Method
Rubner,Test
Ruhemann,Uricometer
Rumack-Matthew,Nomogram
Russo,Test
Salkowski,Method
Salkowski-Vollard,Method
Salkowski-Ludwig,Method
Sanger,Sequencing
Schaer,Test
Schaer-Klunge,Test
Schales-Schales,Method
Schaumann,Method
Schiff,Test
Schlesinger,Test
Schlosing,Ammonia Apparatus
Schmaltz,Pyknometric Method
Schonbein,Test-paper
Schütz,Araëo-Saccharometer
Seegen,Method
Seliwanoff,Reaction
Severinghaus,Electrode
Shaffer,Method
Sherer,Method
Simon,Method
Smith-Rosin,Test
Smith,Test
Somogyi,Method
Somogyi,Unit
Southern,Blot
Spaeths,Sedimentation Glass
Squibb,Urinometer
Stern,Urinoglucosometer
Stock,Test
Stokvis,Test
Strauss,Apparatus
Strauss,Test
Sulkowitch,Test
Takata-ara,Test
Tanret,Reagent
Tanret,Test
Thormahlen,Test
Tollen,Orcin Test
Topfer,Method
Trapp,Coefficient
Trinder,Method
Trommer,Test
Udenfriend,Procedure
Uffelmann,Test
Ultzmann,Test
Van Deen,Test
Van den Bergh,Reaction
Van Slyke,Method
Van Slyke,Apparatus
Van Slyke,Equation
Van Urk,Reagent
Vassilieff,Method of Titration
Volhard,Method
Von Jaksch,Test
Von Jaksch,Method
Waldenstrom,Porphyrins
Wallace-Diamond,Test
Wang,Method
Watson-Schwartz,Test
Weber,Test
Weber-Schalm,Method
Werner-Schmidt,Method
Westgard,Rules
Weyl,Test
Whitney,Method
Williamson,Test
Will-Varrentrapp,Method
Wohlk,Test
Wolfson-Cohn,Method
Yvon,Process
Zak,Color Reaction
Zak-Epstein,Method
Zeller,Test
Zimmerman,Reaction
